BuyOrderID,SellOrderID,Price,Quantity,Timestamp
7,4,100.5,500,1756965156263
1,8,99.5,750,1756965156263
9,4,100.5,300,1756965156263
12,4,100.5,200,1756965156263
12,11,100.52,800,1756965156263
12,5,100.55,500,1756965156263
1,13,99.5,250,1756965156263
10,13,99.48,1200,1756965156263
2,13,99.45,550,1756965156263
14,5,100.55,1000,1756965156263
14,6,100.6,2000,1756965156263
2,15,99.45,950,1756965156263
3,15,99.4,1550,1756965156263
46,45,100.1,145,1756965156263
46,43,100.12,143,1756965156263
46,41,100.14,141,1756965156263
46,39,100.16,71,1756965156263
44,47,99.89,144,1756965156263
42,47,99.87,142,1756965156263
40,47,99.85,140,1756965156263
38,47,99.83,138,1756965156263
36,47,99.81,136,1756965156263
48,39,100.16,68,1756965156263
48,37,100.18,32,1756965156263
34,68,99.79,100,1756965156263
49,37,100.18,100,1756965156263
34,69,99.79,34,1756965156263
32,69,99.77,66,1756965156263
50,37,100.18,5,1756965156263
50,35,100.2,95,1756965156263
32,70,99.77,66,1756965156263
30,70,99.75,34,1756965156263
51,35,100.2,40,1756965156263
51,33,100.22,60,1756965156263
30,71,99.75,96,1756965156263
28,71,99.73,4,1756965156263
52,33,100.22,73,1756965156263
52,31,100.24,27,1756965156263
28,72,99.73,100,1756965156263
53,31,100.24,100,1756965156263
28,73,99.73,24,1756965156263
26,73,99.71,76,1756965156263
54,31,100.24,4,1756965156263
54,29,100.26,96,1756965156263
26,74,99.71,50,1756965156263
3,74,99.4,50,1756965156263
55,29,100.26,33,1756965156263
55,27,100.28,67,1756965156263
3,75,99.4,100,1756965156263
56,27,100.28,60,1756965156263
3,76,99.4,100,1756965156263
3,77,99.4,100,1756965156263
3,78,99.4,100,1756965156263
